pmi	raw_freq	raw_co	cw
0.256693	147218	194	a/r
-0.04708813	16412	16	abandon/v
0.97978854	3680	10	abandoned/j
0.39499322	2644	4	abby/n
0.99524295	2533	7	abound/v
-0.8582009	956837	414	about/i
0.37369668	226568	336	about/r
0.38923192	25270	38	above/r
1.2994517	1606	6	abs/n
1.1892749	10420	35	absorb/v
-0.7652958	31511	15	academic/j
0.4931348	7201	12	accent/n
-1.2815228	52843	15	accept/v
-0.7141693	91879	46	according/i
-0.973493	20769	8	account/v
1.1603405	10472	34	acid/n
0.9686788	15638	42	acre/n
0.66900885	117286	234	across/i
2.9024527	108	2	activator/n
1.5083121	28793	133	active/j
-0.56766164	117688	68	actually/r
0.38331854	667	1	adage/n
0.9700595	12255	33	adapt/v
1.4574589	131718	578	add/v
-0.2360705	16143	13	adjust/v
-1.4492464	37496	9	admit/v
-0.11554719	31855	29	advantage/n
-0.0026398797	13720	14	advise/v
-0.5657913	20667	12	afford/v
-1.1023848	5899	2	afghan/j
-2.2819123	19189	2	afghanistan/n
0.18305643	34217	42	africa/n
-0.018069396	340799	342	after/i
0.43239278	35589	56	afternoon/n
-0.0009075698	223764	228	again/r
-0.4145352	219215	148	against/i
-0.8583203	41638	18	agent/n
0.978924	2576	7	agony/n
-1.1491871	40116	13	agreement/n
3.211328	40	1	agrelo/n
-0.44990286	6134	4	aid/v
-1.2233759	19946	6	aids/n
1.7707579	114396	686	air/n
-0.94064003	22606	9	airport/n
0.93803805	6517	17	aisle/n
-0.38437912	13015	9	alan/n
-0.94540143	7589	3	ali/n
-0.40258646	26405	18	alive/j
-0.15254079	190274	166	all/r
0.09988895	125580	142	allow/v
3.416413	32	1	alluvium/n
2.322266	3409	35	almond/n
0.35784873	137557	201	almost/r
0.6795861	92687	187	along/i
0.091859974	34850	39	along/r
-0.1789008	125267	107	already/r
-0.20689727	508808	423	also/r
-1.4023226	11930	3	alter/v
-0.19752893	195740	164	always/r
3.9382887	19	1	alyoshka/n
-0.62200046	1823	1	amazement/n
-0.49759734	17808	11	amazing/j
0.19873111	1604	2	amidst/i
2.5464978	690	9	amin/n
-0.55098313	151050	89	among/i
0.11133081	10523	12	anchor/n
0.6532127	21379	42	ancient/j
1.8473394	154	1	androgen/n
-0.55417496	15320	9	anger/n
-0.14327624	16052	14	angle/n
0.35727045	58183	85	animal/n
1.4079721	5266	22	antibiotic/n
-0.15465286	5725	5	any/r
-0.9184413	63770	26	anyone/p
-0.43096143	129809	86	anything/p
-0.6413105	5572	3	apart/i
-0.036483277	107522	106	appear/v
0.8754908	21317	52	apple/n
-1.0481443	13966	5	approval/n
0.5115816	1174	2	aptly/r
-0.8946862	9577	4	architect/n
0.86793774	178674	435	area/n
1.6956669	361	2	ares/n
4.249165	14	1	argentinean/n
-0.8395168	36226	16	argument/n
-0.35519868	90776	65	arm/n
1.8966947	2355	16	aroma/n
0.39871436	156268	238	around/i
-0.1581413	133217	116	around/r
0.41294008	5890	9	arrow/n
3.3441482	670	19	arroyo/n
-1.0304109	60393	22	article/n
-0.17887716	896765	767	as/i
0.36725283	304056	449	as/r
3.5222971	29	1	asghar/n
-0.2617868	3815	3	aside/i
1.2575039	20868	75	aside/r
-0.70877695	13904	7	assign/v
-0.45668766	10806	7	assignment/n
-0.31156185	1932356	1442	at/i
0.006520549	220732	227	at/r
-1.2035657	39488	12	atlanta/n
0.62273747	26313	50	august/n
1.9203918	861	6	austere/j
-0.24233074	6243	5	awake/j
-0.18311705	56416	48	away/i
0.19947389	156626	195	away/r
-0.010494835	9916	10	awful/j
3.8867307	20	1	babaii/n
-0.07510423	73147	69	baby/n
0.17766824	134759	164	back/n
-0.24086934	400340	321	back/r
0.62498575	8895	17	bacteria/n
0.7731931	2256	5	bacterial/j
-0.31462654	147871	110	bad/j
1.6951042	44484	247	bag/n
1.3078091	1328	5	bagel/n
2.0344453	386	3	bahia/n
1.6475075	2650	14	baked/j
2.1257815	6278	53	baking/n
-0.047026668	4117	4	balcony/n
1.5107219	9711	45	bare/j
2.1740434	3228	29	bark/n
0.5034888	45103	76	base/n
-0.21695425	25574	21	basically/r
1.7996404	6153	38	basin/n
3.5349422	145	5	bata/n
-0.14510518	16767681	14799	be/v
0.3245175	36926	52	beach/n
1.204471	293	1	beachhead/n
2.2849586	16850	168	bean/n
0.9973172	41704	115	beat/v
0.024401672	44153	46	beautiful/j
0.16338354	277201	334	become/v
1.4578134	64705	284	bed/n
2.28002	9351	93	beef/n
1.5814108	2022	10	beet/n
0.5323414	188958	329	before/i
-0.26778084	60195	47	before/r
-0.093589164	241636	225	begin/v
-0.12846382	18931	17	behind/r
-1.4901347	191226	44	believe/v
-0.025798975	23256	23	bell/n
0.38808778	8644	13	belly/n
-0.6953675	23530	12	belong/v
0.881745	19889	49	below/i
0.6441477	26283	51	below/r
0.61026144	17532	33	bend/v
-0.11967003	5507	5	beneficial/j
-1.3640183	53569	14	benefit/n
0.028611815	137237	144	best/j
0.36488712	43554	64	best/r
-0.5914469	92000	52	better/j
0.042453945	285070	304	between/i
-0.5292892	251671	151	big/j
-0.09282562	3221	3	bilateral/j
2.7483256	1064	17	binder/n
3.8187435	43	2	biocide/n
0.40797782	39719	61	bird/n
0.42704827	46702	73	bit/n
0.026003292	159506	167	black/j
-1.1396468	24482	8	black/n
1.172745	11300	37	blade/n
2.259685	8171	80	blend/v
0.8467352	6730	16	blink/v
-1.4760113	4318	1	blog/n
0.38653404	61271	92	blood/n
1.3265344	3903	15	blossom/n
4.1253266	884	56	blot/v
1.4407313	29492	127	blow/v
0.46378082	51792	84	blue/j
0.22104537	6286	8	boast/v
-0.7183826	46614	23	bob/n
0.51932406	135092	232	body/n
0.85251087	1251	3	bogus/j
0.9070181	792	2	bohemian/j
0.7075783	964	2	boiled/j
2.0348394	128	1	bombast/n
2.007475	28543	217	bone/n
1.9223279	144	1	booger/n
-0.047623917	10317	10	boom/n
1.5455805	16702	80	boot/n
2.1478527	114	1	borba/n
-0.06343646	31294	30	border/n
-0.21994081	114549	94	both/r
1.0318792	349	1	bother/n
-0.56038284	17172	10	bother/v
1.1798475	23806	79	bottle/n
0.783185	8054	18	bounce/v
1.9299353	35581	250	bowl/n
0.5526785	53694	95	box/n
2.523309	80	1	boyo/n
0.280045	15619	21	brand/n
0.02594818	1912	2	brand/v
0.45279762	1879	3	brave/v
-0.6188412	9110	5	brazil/n
4.517828	499	46	breadcrumb/n
0.07130432	86666	95	break/v
3.320573	499	14	breathable/j
0.99482477	361	1	brezhnev/n
-0.4080613	19377	13	brian/n
0.54991794	32221	57	bright/j
-0.0111049535	190002	192	bring/v
1.0349936	2799	8	broccoli/n
0.3350506	704	1	brooch/n
-1.0025184	69459	26	brother/n
0.35825056	4797	7	brow/n
1.9299414	25471	179	brown/j
1.3197541	1574	6	brownie/n
-1.3526504	15432	4	bruce/n
0.11210401	2626	3	bruise/n
2.8345535	9481	165	brush/n
2.1436095	10894	95	brush/v
4.2455616	154	11	brushing/n
2.1069777	237	2	brushwork/n
0.2346704	1546	2	brutally/r
3.835312	21	1	buchbinder/n
0.9031745	1195	3	buff/n
0.068143874	106036	116	build/v
1.7823428	5774	35	bulb/n
0.82748127	429	1	bulbous/j
0.27642423	743	1	bulletproof/j
1.8317698	469	3	burlap/n
1.2289087	28942	101	burn/v
1.7864649	1146	7	burrow/v
-0.5688352	166047	96	business/n
-0.086228155	3220	3	bust/v
0.464969	22737	37	but/i
2.6164153	434	6	butter/v
0.1996746	13664	17	button/n
-0.2115285	108941	90	buy/v
-0.29360765	1610059	1226	by/i
0.0045056907	12668	13	cabinet/n
0.21011919	7156	9	cage/n
1.3311187	15057	58	cake/n
0.69895333	4378	9	calf/n
1.8509419	154	1	calibrated/j
0.2901958	74163	101	california/n
-0.39381582	333209	229	call/v
-0.58990014	25003	14	calorie/n
1.5161918	3010	14	camel/n
0.98249686	1829	5	camp/v
-1.7140385	70577	13	campaign/n
2.0012128	1455	11	campsite/n
1.6639798	11529	62	can/n
0.052005712	1111235	1194	can/v
2.9576275	3030	59	canned/j
1.4597604	10027	44	canyon/n
-0.33132026	142276	104	car/n
2.5016935	162	2	caramel/v
1.4241614	1413	6	cardboard/n
-0.77379	103947	49	care/n
0.8768342	24396	60	carefully/r
1.7812493	329	2	carrion/n
1.7769276	6510	39	carrot/n
0.1111822	84924	97	carry/v
-0.946735	216871	86	case/n
-0.17047967	18577	16	cast/v
0.5427358	23407	41	cat/n
0.21864566	74030	94	catch/v
-1.1036625	29563	10	category/n
1.607747	8230	42	cattle/n
1.1343905	9768	31	cave/n
-1.0435562	19512	7	celebrate/v
2.2634158	2686	26	celery/n
-0.40382576	148290	101	center/n
-0.029380228	56586	56	central/j
-0.48518628	71413	45	certain/j
-2.3594735	31098	3	chairman/n
0.5913593	543	1	chalkboard/n
1.7773844	4828	29	champagne/n
-0.6489766	69295	37	chance/n
5.000417	145	22	chap/v
0.48098764	3031	5	characteristic/j
2.9103713	804	15	chardonnay/n
-0.6590923	45427	24	charge/n
-1.0032027	8089	3	charlotte/n
0.30884606	1439	2	chatter/v
-0.8551379	2317	1	chelsea/n
2.002826	265	2	chessboard/n
0.26645476	24751	33	chest/n
0.6629424	3556	7	chick/n
2.2542882	28004	271	chicken/n
3.3047385	846	23	chicken/v
2.4342847	695	8	chickpea/n
-1.1558619	363384	117	child/n
1.431256	6331	27	chill/n
-0.6208015	65562	36	choice/n
2.87977	8856	157	chop/v
1.454879	6412	28	chunk/n
-1.2603005	93181	27	church/n
1.1011924	325	1	churchyard/n
2.638229	1847	26	cider/n
0.43692937	26616	42	circle/n
1.4395887	2095	9	citrus/n
1.0571302	1711	5	clam/n
-1.2156715	99221	30	class/n
-0.50396836	4880	3	classification/n
2.391209	26805	299	clean/j
5.0732684	3349	546	cleaner/n
4.579826	3881	386	cleaning/n
0.30690834	74860	104	clear/j
0.8928008	3634	9	click/n
2.3725474	21438	235	climate/n
2.1368365	9005	78	cloth/n
1.9402771	28963	206	clothes/n
1.7311195	173	1	clothier/n
1.7246561	13072	75	clothing/n
3.1778476	4710	112	clove/n
-0.5045347	27533	17	cnn/n
2.1403754	116	1	coachella/n
1.8651642	17750	117	coat/n
1.918635	287	2	cobbled/j
1.4602396	3437	15	coconut/n
1.3559674	2273	9	cod/n
0.59261453	30925	57	coffee/n
-1.4595628	8465	2	cohen/n
0.6539818	1527	3	coin/v
2.165911	48259	430	cold/j
1.6335894	191	1	collare/v
0.11809492	32134	37	collect/v
0.6464489	98601	192	color/n
2.3878515	629	7	colorless/j
1.5071703	2819	13	comb/v
1.8633778	29471	194	combine/v
-0.3248262	680921	502	come/v
0.38257346	4676	7	comfort/v
-0.5194527	44430	27	commercial/j
-1.740678	33519	6	commission/n
-0.91872245	216063	88	company/n
0.0008608803	9826	10	competitor/n
-0.5847644	15811	9	complaint/n
-0.25871444	1273	1	complement/n
-0.35119915	27857	20	complete/j
1.6492972	35757	190	completely/r
-0.07331104	9469	9	compose/v
1.4860657	1550	7	composting/j
1.0257654	1753	5	compress/v
0.176634	14749	18	concentrate/v
0.44195282	13268	21	concentration/n
-0.7255303	36357	18	concerned/j
-0.5792736	5237	3	concession/n
1.6107699	69426	355	condition/n
2.5184176	2134	27	conditioner/n
2.7378936	129	2	conditions/n
-1.6175754	14774	3	confront/v
-0.45419356	9254	6	confusion/n
-0.6564616	111259	59	consider/v
-0.40201774	8770	6	consistently/r
-0.8135668	15427	7	construct/v
-0.9344318	4974	2	consultation/n
-0.23685504	27321	22	contact/n
2.0625818	9962	80	container/n
-0.51710033	136749	83	continue/v
-0.3293257	44885	33	control/v
0.6839701	16321	33	cook/n
1.6350127	31504	165	cook/v
1.6094173	10404	53	cooking/n
2.5290678	29985	382	cool/j
1.6031245	10052	51	cool/v
-1.2937462	7143	2	coordinator/n
1.929349	14828	104	corn/n
0.41094342	38306	59	corner/n
3.1103761	666	15	cornstarch/n
2.2234902	106	1	coronet/n
-0.51684284	6555	4	costly/j
1.5950961	11525	58	cotton/n
-0.21739566	672053	553	could/v
0.23262796	73304	94	county/n
-0.6007573	82095	46	couple/n
-0.4757697	69296	44	course/n
-0.60357374	103992	58	course/r
1.0167474	76463	216	cover/v
1.8147715	21221	132	cream/n
-0.12622687	133070	120	create/v
-0.24701846	16299	13	creature/n
2.6406207	17297	245	creek/n
2.0966477	240	2	creel/n
1.8174504	15064	95	crop/n
0.2643531	8283	11	crown/n
-0.43976188	1519	1	crown/v
3.2549324	3119	82	crumb/n
2.1788876	4665	42	crust/n
0.74054456	4689	10	crying/n
3.1469493	42	1	crystalize/v
2.4392207	171	2	csom/n
0.7115076	481	1	cue/v
3.082433	62373	1346	cup/n
3.3595386	11485	326	cup/v
-0.09482766	3227	3	curb/v
1.3885386	1956	8	curly/j
0.47222733	28760	47	cut/n
1.0330428	104855	298	cut/v
-0.72280926	40562	20	dad/n
1.425646	6580	28	dam/n
3.0286362	4867	103	damp/j
1.9055561	146	1	dander/n
1.0385628	18362	53	dark/n
0.3153031	14296	20	darkness/n
-1.5759947	66263	14	daughter/n
-1.4883434	78502	18	david/n
0.14525722	488454	575	day/n
1.9175824	864	6	dead/n
1.7517024	340	2	deadwood/n
-1.0579585	101467	36	death/n
-0.28869703	19601	15	decline/v
2.3437762	187	2	decomposing/j
1.629703	769	4	decomposition/n
0.50509304	6493	11	decorate/v
0.64624715	44103	86	deep/j
0.80643696	23606	54	deep/r
0.2619064	17304	23	deeply/r
0.35894775	13007	19	deer/n
0.015320416	966	1	defensively/r
2.6777227	1505	22	deg/n
0.7949012	54932	124	degree/n
1.3094432	7921	30	delicate/j
0.5989291	5944	11	delicious/j
0.08259024	32446	36	deliver/v
-0.7576694	27100	13	demand/v
-0.32328963	27048	20	depend/v
0.46491143	14177	23	depth/n
-0.38972592	11576	8	derive/v
-0.42387345	53932	36	design/n
-0.13576028	3375	3	desktop/n
-0.33561888	56203	41	despite/i
0.98557615	1094	3	detached/j
0.4226189	1918	3	deterioration/n
-0.3729957	8540	6	diabetes/n
-0.46930742	108109	69	die/v
-0.7545162	89712	43	difference/n
-0.46927205	68724	44	difficult/j
3.1357973	747	17	dijon/n
-0.3689057	4263	3	diner/n
0.05120722	27873	30	direct/j
-0.76581275	25259	12	direct/v
-0.046111003	45123	44	direction/n
2.1111119	13150	111	dirt/n
0.98253024	12107	33	dirty/j
0.09144096	43691	49	discover/v
-0.2988932	7937	6	disk/n
0.73708117	937	2	dislodge/v
-0.093889706	2148	2	dispense/v
0.116303705	34025	39	distance/n
0.56369114	13355	24	distant/j
0.12271045	10381	12	distinct/j
-1.172918	53953	17	district/n
0.71077293	3840	8	disturbance/n
2.2506168	3088	30	ditch/n
-1.2172408	13195	4	diverse/j
1.2847682	20085	74	divide/v
-0.72017086	2807093	1390	do/v
3.0966759	5890	133	dock/n
-0.3519179	134156	96	door/n
0.17531356	6636	8	dot/n
2.5747378	7405	99	dough/n
0.14004119	42695	50	down/i
0.18935323	357736	441	down/r
0.5825955	18062	33	drag/v
3.0653026	9236	202	drain/v
1.5108128	2591	12	drainage/n
3.04952	1222	26	drained/j
-0.19947381	70474	59	draw/v
2.0215216	260	2	drawbridge/n
1.0326025	356	1	dreier/n
2.6126676	6870	94	dried/j
1.0232733	34864	99	drink/v
1.7378846	4135	24	drip/v
-0.48925272	28893	18	drive/n
0.09862615	86959	98	drive/v
0.44954637	61313	98	drop/v
3.0116286	4812	100	drought/n
2.4985538	80	1	druyun/n
3.574947	26274	956	dry/j
2.650364	10586	153	dry/v
1.1568437	9264	30	duck/n
0.52125174	23240	40	due/i
1.0281562	206675	591	during/i
2.3807483	16554	183	dust/n
3.1095426	5157	118	dusty/j
-0.79989666	21776	10	duty/n
-0.00014619685	5873	6	dying/j
-0.8940787	57402	24	each/p
-0.2855381	117201	90	early/j
1.2330595	53644	188	earth/n
0.67615527	34302	69	easily/r
0.49610838	26803	45	eastern/j
0.56452227	80284	144	eat/v
-1.8851777	96582	15	economic/j
1.3364223	1284	5	economical/j
2.1985073	7808	72	ecosystem/n
2.3619707	646	7	ecosystem/v
3.1687684	42	1	ecstacy/n
0.27723995	742	1	edifice/n
-0.26511657	104905	82	effect/n
2.0794537	31018	252	egg/n
2.0760677	1730	14	eggplant/n
-0.45947367	35661	23	element/n
1.717171	3350	19	elevation/n
0.11420091	7936	9	elevator/n
-0.5729294	5240	3	ellis/n
-0.60529023	95140	53	else/r
1.0634693	1012	3	embellish/v
-0.9125836	7349	3	emily/n
-0.8222362	17781	8	enable/v
-0.3941837	13029	9	encounter/v
0.18947877	146563	181	end/n
-1.4694525	4248	1	endeavor/n
-0.5710267	22549	13	english/j
-0.6719481	1915	1	enjoyable/j
0.33429807	115584	165	enough/r
-0.33060572	58806	43	enter/v
1.1699284	7614	25	envelope/n
0.7285969	52816	112	environment/n
0.05453851	29654	32	equipment/n
3.592787	27	1	erez/n
3.9884686	36	2	erodible/j
1.5210412	1707	8	errand/n
0.20003127	4809	6	erupt/v
0.16726851	20677	25	essential/j
-0.37861317	48524	34	establish/v
-0.43932465	9137	6	estimated/j
3.5834672	27	1	etkes/n
0.06165223	392773	427	even/r
0.013397281	44484	46	evening/n
-0.6940562	82289	42	event/n
-0.5578798	147371	86	ever/r
2.368938	1372	15	everglades/n
-0.6519181	82765	44	everyone/p
0.1442983	113748	134	everything/p
-0.99772435	71559	27	evidence/n
-0.1987598	9566	8	exact/j
-0.47781315	83472	53	example/r
0.66751164	6018	12	excessive/j
-0.6985919	27534	14	exercise/n
1.4141839	2142	9	exhaust/n
-0.5734136	1735	1	exodus/n
-0.8146476	6630	3	exotic/j
-0.46812558	103095	66	expect/v
-0.092718154	23693	22	expensive/j
-1.3930646	106244	27	experience/n
-0.11182511	37180	34	experience/v
-0.17296684	87164	75	explain/v
-0.262075	6352	5	exploit/v
0.60108644	19302	36	expose/v
0.29527622	18975	26	exposure/n
0.011715867	20652	20	ext/n
-0.15199482	28510	25	extend/v
0.84834313	14260	34	extreme/j
1.3711196	21606	87	extremely/r
0.9156616	183548	468	eye/n
1.3027521	1336	5	eyeball/n
1.6060139	2157	11	eyelid/n
1.6448483	11535	61	fabric/n
0.39369297	136857	207	face/n
-0.66478413	76120	40	face/v
1.895815	592	4	fahrenheit/n
-0.93676734	52450	21	fail/v
0.8351893	16540	39	fairly/r
0.58077455	42784	78	fall/n
0.35229436	105395	153	fall/v
2.8233495	177	3	fannin/n
-0.17390369	160606	138	far/r
0.4523965	33000	53	farm/n
1.1935247	25492	86	farmer/n
2.6098533	73	1	farthing/n
0.27750152	38637	52	fast/r
-0.7562908	156254	75	father/n
0.9733883	5546	15	fatigue/n
1.0325302	6285	18	feather/n
-0.18386033	36555	31	feature/n
1.4833812	4007	18	feed/n
0.7232163	7605	16	feel/n
0.39711648	298683	454	feel/v
1.1720028	305	1	ferrer/n
-1.3440688	3758	1	ferry/n
1.9878535	3614	27	fertilizer/n
-0.4074047	1471	1	feud/n
0.53523153	100288	175	field/n
-0.6824696	61980	32	fight/v
-0.93644917	9981	4	fighting/n
0.70925415	62086	129	fill/v
1.418572	6663	28	filter/n
-0.0021963483	428639	437	find/v
0.789148	59897	134	fine/j
1.0341674	44218	127	finger/n
0.6431378	1545	3	finger/v
1.3835297	64632	263	fire/n
2.596903	1093	15	firewood/n
1.2363988	46354	163	fish/n
1.2613615	5544	20	fish/v
1.9365226	142	1	fishmonger/n
2.5129728	476	6	fistful/n
2.768964	2727	44	flake/n
1.2384733	571	2	flamingo/n
1.8310324	13969	89	flat/j
1.6128829	12340	63	flavor/n
0.77137464	8179	18	flip/v
1.347823	254	1	floe/n
1.5735788	8711	43	flood/n
2.828452	577	10	floodplain/n
1.714552	885	5	flooring/n
2.9617054	10462	203	flour/n
1.947953	700	5	floured/j
1.0413411	12420	36	flow/v
1.4570483	1140	5	flowering/j
0.98160243	2200	6	fluctuation/n
2.6620603	10472	153	fly/n
-0.120083764	44196	40	fly/v
2.0908794	2904	24	foliage/n
0.2280595	129577	166	follow/v
0.9557503	119767	318	food/n
1.0673155	117623	349	foot/n
-0.17442466	3588510	3077	for/i
-0.3839776	131967	92	for/r
-0.29149786	48412	37	force/v
0.3621454	2042	3	foreground/n
1.8994917	39935	272	forest/n
1.1456071	2492	8	foul/j
-0.7002473	7882	4	frame/v
-1.3766426	23449	6	france/n
5.523622	35	9	freckman/n
2.5388534	77	1	freesia/n
1.3728126	12701	51	freeze/v
0.16489942	29956	36	french/j
0.7198613	10001	21	frequent/j
2.05861	41446	329	fresh/j
2.8351567	5585	95	freshly/r
-0.7911106	4321	2	frightening/j
1.0539609	342	1	fritter/n
0.016255636	1785287	1853	from/i
1.4350431	24496	105	fruit/n
1.0607433	2375	7	fry/v
3.1960993	40	1	fryrear/n
3.427463	64	2	fryxell/n
2.0204747	1685	13	fume/n
-0.086293444	7472	7	functional/j
-1.3494055	56709	15	fund/n
1.0674163	6072	18	fur/n
0.77349466	902	2	gall/n
2.7633185	13395	214	garlic/n
1.8800355	3726	25	garment/n
0.33426338	30084	43	gather/v
0.55623716	11229	20	gaze/n
1.3326777	14514	56	gear/n
0.72197926	4282	9	generator/n
1.8891176	13321	90	gently/r
2.4072413	176	2	geologically/r
-0.54444486	1684	1	geologist/n
-1.340901	71437	19	george/n
-0.8443634	2292	1	gerry/n
-0.22898668	1084374	878	get/v
-0.26987627	14131	11	giant/j
2.4438446	4540	52	ginger/n
-0.9922225	121885	46	girl/n
-0.27880716	415606	321	give/v
2.1911037	875	8	glacial/j
0.5346224	55696	97	glass/n
-1.327235	3698	1	glorious/j
-0.31953168	1257279	930	go/v
-0.87046725	106070	45	god/n
1.3792583	260	1	goeth/v
0.88820887	22208	55	golden/j
-0.26198754	388222	304	good/j
2.4356918	18067	211	good/n
0.29129857	5163	7	gorgeous/j
-1.9031214	209896	32	government/n
1.1877669	298	1	graded/j
0.70313144	8238	17	gram/n
2.975478	405	8	granular/j
-0.83980435	6791	3	grasp/v
2.9143686	19566	369	grass/n
-0.114824615	9897	9	grave/n
2.1359837	2653	23	graze/v
-0.34173325	245785	178	great/j
0.5845925	7645	14	greek/j
1.0714539	25617	76	green/n
1.9716804	10091	74	grocery/n
1.5244343	81610	382	ground/n
0.5394889	119789	210	grow/v
-0.06105564	29104	28	growing/j
-0.2926269	55136	42	growth/n
0.9045319	396	1	grubby/j
3.035689	940	20	gully/n
1.6308903	4032	21	gum/n
-1.1180309	129752	43	guy/n
1.919402	10895	76	habitat/n
1.7207674	77021	440	hair/n
0.9905135	1452	4	halfway/j
0.84012073	6336	15	halfway/r
2.8230603	59	1	hammacher/n
0.52639925	242465	419	hand/n
0.89980793	10732	27	handful/n
-1.0426872	200342	72	happen/v
0.35072333	95157	138	hard/j
0.4445963	55267	88	hard/r
1.3180304	2364	9	harden/v
1.4875927	1990	9	hardwood/n
1.3104197	8707	33	harsh/j
1.7331223	5532	32	harvest/v
0.5373852	1714	3	hasten/v
-0.24395086	20013	16	hat/n
1.3230385	522	2	hauler/n
-0.38087583	5344049	3731	have/v
1.6276463	3712	19	hay/n
2.5713603	151	2	hayman/n
-0.39726672	3138754	2156	he/p
0.08135012	173708	192	head/n
0.0073484993	45704	47	head/v
-0.23311295	4940	4	healing/n
-0.47566676	213229	135	hear/v
0.1552398	92241	110	heart/n
2.0599759	46359	372	heat/n
1.8419194	7449	48	heat/v
1.13776	42380	135	heavy/j
1.7908688	1145	7	hectare/n
0.36582193	19145	28	height/n
-0.3086783	29657	22	hell/n
-0.5214191	47860	29	help/n
-0.14874463	236233	208	help/v
-0.3445679	1389	1	henri/n
-0.354032	433952	311	her/p
1.4067568	1918	8	herbal/j
-0.33322865	449890	328	here/r
0.16944784	7455	9	hidden/j
-0.3692531	33990	24	hide/v
0.5998198	279904	520	high/j
-0.87562567	4712	2	highlight/n
0.5009205	54731	92	hill/n
-0.45089042	730667	475	him/p
0.11336041	80617	92	hit/v
-0.047157384	191085	186	hold/v
1.4160126	34956	147	hole/n
1.5570518	2686	13	hollow/j
-0.32693726	186049	137	home/n
1.7371036	343	2	hominid/n
0.18378958	7333	9	hook/v
-0.7947392	88906	41	hope/v
1.5604204	3702	18	hose/n
2.4410021	60103	703	hot/j
0.46132287	151850	246	hour/n
-0.2773094	263868	204	house/n
-0.6638843	592690	311	how/r
-0.22848833	150984	123	however/r
-0.21383393	1215	1	howie/n
-0.9331961	109360	44	human/j
0.64303976	514	1	humbling/j
2.3244655	10643	111	humor/n
-0.12824784	1114	1	hunch/n
0.62869704	10469	20	hungry/j
-0.2033075	37315	31	hurt/v
2.6817534	402	6	hydrant/n
0.02019937	970	1	hz/n
-0.50158703	4456489	2747	i/p
2.1833124	35160	318	ice/n
1.8482779	3547	23	icy/j
-0.7956014	78221	36	image/n
-0.30302864	47664	36	imagine/v
-0.7366653	49070	24	impact/n
-1.5195082	17862	4	implement/v
-1.0057131	10717	4	implementation/n
-0.67675465	155732	81	important/j
-0.64257735	44664	24	improve/v
0.020010285	7575199	7897	in/i
-0.1634761	310213	269	in/r
1.1242099	32198	100	inch/n
0.24900891	14484	19	incorporate/v
0.82237756	2151	5	indefinitely/r
-0.4279537	21033	14	india/n
-0.86208826	9257	4	indication/n
1.294393	4033	15	indoor/j
-0.40817598	20613	14	industrial/j
2.0834177	486	4	infertile/j
0.4645655	616	1	infestation/n
-1.364325	30638	8	influence/n
3.4811206	14702	485	ingredient/n
2.8902004	5071	93	ink/n
0.02468659	14320	15	inner/j
0.60828996	44776	84	inside/i
1.4790549	7585	34	inside/n
1.0834653	33544	101	inside/r
1.3961868	242	1	insincere/j
-0.00455446	43158	44	instead/r
-0.51998305	27980	17	instruction/n
1.4010605	8942	37	interior/n
1.2541553	557	2	interminable/j
-1.7992641	88808	15	international/j
0.561466	724134	1297	into/i
-0.5506019	33960	20	introduce/v
3.653587	607	24	irrigate/v
2.726595	3001	47	irrigation/n
2.3244011	675	7	irritated/j
0.41462427	52431	81	island/n
0.05966931	4210852	4557	it/p
3.5413473	454	16	itchy/j
-0.31857973	75377	56	itself/p
1.1408379	1252	4	jab/v
0.58983016	17397	32	jacket/n
1.571227	825	4	jalapeno/n
-0.3259054	4086	3	jam/v
-0.89186823	14403	6	jane/n
2.098327	120	1	javelina/n
-1.0667402	8531	3	jerusalem/n
-0.44107908	15287	10	jet/n
-1.4811653	142797	33	john/n
0.74212176	5125	11	joint/n
-0.94923484	17842	7	joseph/n
2.1318507	17729	151	juice/n
1.9243267	2149	15	juicy/j
0.004553752	43149	44	june/n
-0.18017694	746757	635	just/r
0.82689196	430	1	kauai/n
1.114189	253890	790	keep/v
1.5787165	608	3	keg/n
-1.0471989	139855	50	kid/n
-0.6474057	166455	89	kind/n
-0.58495486	33541	19	kind/r
0.7446952	42876	92	kitchen/n
1.3733569	17140	69	knife/n
-0.8063079	981384	446	know/v
0.09886838	35054	39	la/n
-0.4921144	35183	22	lack/n
0.081734575	19813	22	lack/v
1.6990423	45508	253	lake/n
1.9164841	77281	537	land/n
0.20949762	19058	24	land/v
1.291708	22024	82	landscape/n
0.6464784	190367	371	large/j
-1.1218295	24008	8	largely/r
0.6229554	23097	44	last/v
1.5506874	2495	12	lavender/n
0.9920195	11618	32	lawn/n
0.7558599	53264	116	lay/v
2.1576917	17982	159	layer/n
-1.8611188	94373	15	leader/n
2.7816834	26272	432	leaf/n
-0.13769397	134703	120	least/r
0.5870452	260813	479	leave/v
2.3896146	12015	132	lemon/n
0.07904704	9075	10	lens/n
0.0804028	89322	99	less/r
0.8810089	251545	617	let/v
-0.9396809	65286	26	letter/n
1.5345254	3600	17	lettuce/n
-0.88044715	11816	5	license/n
2.6966813	4305	65	lick/v
0.26729667	54832	73	lie/v
-0.70520544	360433	182	life/n
1.306118	32414	122	light/j
0.29186362	93755	128	light/n
2.508955	10129	127	lightly/r
1.0527154	2402	7	lightweight/j
0.39534858	623395	944	like/i
-0.9210794	14876	6	like/r
-0.30379483	198538	149	like/v
-0.64883107	69150	37	likely/j
0.70537883	8691	18	limb/n
-0.2135938	31478	26	limit/v
-0.06982923	148325	141	line/n
0.06672022	2742	3	linkage/n
2.2947478	27738	281	lip/n
2.4844804	5802	71	liquid/j
-1.4552428	4225	1	listing/n
0.2184286	162532	206	little/j
0.43137336	96282	151	little/r
-0.50313824	30849	19	living/n
-0.2139122	101668	84	local/j
0.19084723	23455	29	locate/v
0.5132507	29393	50	location/n
-0.1399481	16912	15	lock/v
0.16052718	5850	7	locker/n
0.5459271	161696	285	long/j
0.09551522	154826	174	long/r
0.7482369	4626	10	long/v
-0.04463993	536130	522	look/v
1.4949579	3954	18	loosen/v
-0.3993405	20565	14	lord/n
-0.6194811	145921	80	lose/v
-1.1991581	19695	6	louis/n
-0.8522801	117783	51	love/v
-0.9053046	4840	2	loving/j
0.53675175	118684	207	low/j
2.5735207	1116	15	lowland/n
1.365535	504	2	lubbock/n
3.3823214	367	11	lube/n
0.5910594	4903	9	lucas/n
0.6977962	3944	8	luis/n
0.24426739	40672	53	machine/n
-0.25144088	46548	37	maintain/v
0.05148659	936264	1007	make/v
0.3454802	12533	18	mama/n
-0.57457304	456718	262	man/n
1.3821511	2226	9	mango/n
1.6215189	194	1	mangy/j
1.6781803	917	5	manicure/n
1.3205259	1045	4	manually/r
-0.16476281	41706	36	march/n
-1.6857803	42223	8	marriage/n
1.164242	10416	34	mars/n
3.827557	1797	84	martini/n
1.5286777	216	1	masonite/n
1.7179422	4575	26	mat/n
0.5579306	66046	118	material/n
0.17448407	76391	93	matter/n
-0.15848908	22995	20	matter/v
0.21310832	16956	21	maximum/n
-0.15550555	344771	302	may/v
-2.6810296	14343	1	mccain/n
1.1141421	323	1	mcchesney/n
1.2049867	1180	4	mccormick/n
1.3955624	249	1	mccutcheon/n
5.633116	280	80	mcmurdo/n
-0.5642607	774118	448	me/p
-0.53777695	271261	161	mean/v
1.8682925	1056	7	meander/v
-0.7619753	6279	3	meantime/n
0.5282563	21939	38	meanwhile/r
1.6867614	22305	123	meat/n
-1.5550885	9300	2	medal/n
-1.5750966	56749	12	media/n
-0.90358436	65193	27	medical/j
-1.3957968	11866	3	medicare/n
2.2522702	2677	26	mediterranean/j
2.3609653	10411	112	medium/j
-0.9784684	140749	54	meet/v
1.4934143	219	1	mekong/n
-0.21976742	4880	4	memoir/n
-0.33370024	6823	5	mentor/n
2.9051287	702	13	meringue/n
-0.11614601	3306	3	messenger/n
0.41657746	25192	39	metal/n
0.06289917	47751	52	method/n
0.37026876	4764	7	meyer/n
-0.57615644	15820	9	miami/n
3.6723838	175	7	microfiber/n
0.34724882	33201	48	middle/n
0.4555718	68380	110	mile/n
2.2640424	19771	193	milk/n
3.2111313	2643	65	mince/v
1.1493405	143620	462	minute/n
-0.191275	2392	2	miriam/n
2.3054643	22763	233	mix/v
0.92967665	6969	18	mixed/j
2.507089	2157	27	mixing/n
2.7949278	17445	292	mixture/n
2.236652	2558	24	ml/n
-0.8853582	2381	1	moderate/v
-0.8011693	41425	19	modern/j
1.2749628	550	2	modesto/n
0.13752235	856	1	modular/j
3.711796	3366	141	moist/j
4.7188716	740	85	moisten/v
3.6894212	4816	197	moisture/n
4.4303527	246	21	moisturize/v
1.7065921	3909	22	mold/n
-0.5442708	47557	28	mom/n
-0.8142097	119493	54	moment/n
-1.0636669	178789	63	money/n
-0.23921956	6243	5	monkey/n
0.28181562	179499	243	month/n
0.04413945	25337	27	moon/n
6.851324	35	34	mopping/n
-0.2820004	562725	434	more/r
2.229677	4434	42	moss/n
-0.369545	266203	188	most/r
0.7913465	31063	70	mostly/r
-0.61357903	182561	101	mother/n
0.0060912776	11681	12	mount/v
1.0988765	53301	163	mountain/n
3.2126076	41	1	mountainsmith/n
2.6447942	43386	623	mouth/n
-5.171907e-05	980	1	mouthful/n
-0.18450713	194422	165	move/v
1.1808605	300	1	mowing/n
-1.1439015	262360	85	mr/n
-0.12443242	136307	123	much/r
1.5667106	409	2	mush/n
3.9945457	4258	233	mustard/n
2.022673	9084	70	nail/n
-0.81291294	137464	62	name/n
-0.70118374	51373	26	name/v
-0.9861598	181088	69	national/j
-0.5410204	30256	18	native/j
0.22707486	60077	77	natural/j
0.69865614	12150	25	naturally/r
-0.57811946	62846	36	nature/n
0.49526063	59656	100	near/i
0.3943508	6607	10	near/r
0.25044465	71620	94	nearly/r
1.9153054	144	1	nearshore/n
-0.14168067	308171	273	need/v
3.6565766	26	1	needin/n
-0.1716136	38339	33	neighborhood/n
-0.08275963	21266	20	neither/r
-1.0163641	10867	4	nelson/n
4.1616526	46	3	nematode/v
-0.27108642	284129	221	never/r
-0.8182044	475138	214	new/j
-0.74321234	208420	101	new/n
1.7762436	829	5	newsstand/n
0.103841044	198396	223	night/n
-0.7009251	1975	1	nightly/j
-0.84779006	43390	19	no/p
0.09967796	29460	33	nod/v
0.324849	34022	48	normal/j
0.9386599	13395	35	normally/r
0.16149424	93683	112	north/n
1.1892753	7164	24	northeast/n
-0.036178965	47940	47	note/n
-0.27449283	61879	48	note/v
-0.14101195	136666	121	nothing/p
-0.44144395	658636	432	now/r
1.2893729	1885	7	numb/j
-0.9913374	203267	77	number/n
1.7039376	10575	59	nut/n
-1.4114484	4016	1	obscure/v
0.29823402	1451	2	obstruct/v
-0.77668166	34071	16	obviously/r
1.288144	810	3	oddity/n
-0.17374653	11167127	9595	of/i
-0.7421219	175198	85	of/r
0.40723953	199702	306	off/r
0.19478811	151866	189	often/r
1.7974548	84849	520	oil/n
-0.5821332	28652	16	okay/r
0.46717608	11766	19	oklahoma/n
1.2925141	812	3	okra/n
0.08675704	254273	283	old/j
2.6684346	9566	139	olive/j
0.12844896	2717985	3155	on/i
-0.3827177	257791	179	on/r
0.555811	136887	244	once/r
-0.35370833	398964	286	one/p
0.033244796	126930	134	only/j
-0.10038343	406589	376	only/r
-0.2803239	1294	1	onslaught/n
1.1287329	47504	150	onto/i
1.3225272	1824	7	opaque/j
0.18015967	72837	89	open/j
0.021802565	121057	126	open/v
-0.68545645	50562	26	operation/n
-0.10178321	10881	10	operator/n
0.7463829	6030	13	opt/v
1.4468895	10196	44	orange/n
1.7447451	342	2	orbiting/j
4.20791	45	3	orecchiette/n
0.50691235	10713	18	oregon/n
1.597414	12097	61	organic/j
-1.4158071	24156	6	organize/v
0.17337322	1650	2	orgasm/n
2.3938832	89	1	osita/n
-0.3493071	15259	11	other/i
-0.38651463	588691	409	other/j
-0.94968206	58162	23	other/p
2.6937017	14032	207	ounce/n
-0.19375524	261619	220	out/i
0.009494997	740621	763	out/r
0.38398036	2666	4	outdoors/r
-0.123100914	50913	46	outside/i
0.1859309	17875	22	outside/j
0.66764754	23623	47	outside/r
2.4446208	13721	161	oven/n
0.48000932	328812	543	over/i
0.17432801	225659	274	over/r
-1.1195952	21055	7	overall/j
-0.326141	1357	1	overdue/j
2.532059	700	9	overhang/n
2.2130685	214	2	overripe/j
1.9556464	139	1	overused/j
-0.3518914	43188	31	owner/n
0.60361797	8032	15	oxygen/n
0.6671316	5042	10	oyster/n
-0.06731149	4183	4	ozone/n
1.3479296	17098	67	pack/v
1.3007122	23783	89	package/n
-0.023431193	1003	1	pad/v
-0.3001792	44958	34	pain/n
2.6440501	13416	193	paint/n
0.5213026	40045	69	painting/n
1.7240059	2969	17	palette/n
1.4133109	17889	75	palm/n
2.0347652	19746	154	pan/n
-0.3823691	1431	1	pang/n
3.396467	200	6	panko/n
1.2993313	13668	51	pant/n
1.6426989	81086	428	paper/n
0.50746393	589	1	paratrooper/n
1.2311403	2575	9	parcel/n
4.166637	803	53	parched/j
0.04134879	84997	90	park/n
-2.2456422	9230	1	parliament/n
0.6776515	499	1	parse/v
-0.08916882	225813	211	part/n
-0.043952867	6169	6	partial/j
-2.1062098	48350	6	participant/n
0.065182805	54030	59	particularly/r
-0.1310052	94885	85	pass/v
-0.34562793	62175	45	past/j
2.5040674	7005	87	pasta/n
1.8704618	3794	25	pastry/n
4.5330443	6476	613	pat/v
2.1330283	10083	87	patch/n
0.46119413	31491	51	path/n
1.1413622	628	2	pathfinder/n
-0.58374435	7058	4	patience/n
-0.30240124	14865	11	patrick/n
-0.0033739323	13778	14	pause/v
2.983444	3418	69	pavement/n
-1.1674529	144733	46	pay/v
-2.9280658	18286	1	payment/n
1.948183	5484	39	pea/n
0.6290746	4735	9	peach/n
3.0374863	983	21	peat/n
2.4786897	164	2	pedantic/j
2.5045052	2266	28	peel/n
-1.1132456	753419	253	people/n
2.5810595	24705	328	pepper/n
0.48224458	65639	108	per/i
-0.03345851	214948	212	percent/n
0.57948214	1648	3	perch/n
0.6928507	3917	8	perch/v
0.36336562	37549	55	perfect/j
0.887027	14917	37	perfectly/r
-0.58904874	3535	2	performing/n
-0.2178124	92362	76	perhaps/r
1.2248151	1726	6	perish/v
0.88167495	6473	16	persist/v
-1.1332902	72906	24	personal/j
-1.3148432	18221	5	personality/n
0.56871474	560	1	philly/n
0.026078448	64880	67	photograph/n
-1.2340531	57088	17	physical/j
0.84674054	75631	180	piece/n
3.0330439	1977	42	pigment/n
-0.70551705	3967	2	pilgrim/n
2.154349	11280	99	pine/n
0.4272434	15355	24	pink/j
1.6066008	1587	8	pint/n
0.60942805	9604	18	pitch/v
4.0552454	309	18	pkg/n
0.64439934	220480	429	place/n
1.1389078	65778	210	place/v
1.3945225	8755	36	plain/j
2.5561826	9270	122	plain/n
1.3592876	68352	272	plant/n
0.9523929	14711	39	plant/v
1.8408948	2791	18	planting/n
0.8585127	2503	6	plasma/n
3.0304995	47	1	plasterer/n
2.1570115	2266	20	plateau/n
-2.4124188	87641	8	player/n
-0.9595956	20465	8	pleasure/n
0.27117202	19415	26	plenty/p
1.5426916	2299	11	plow/v
0.7012974	1942	4	plumbing/n
0.6641833	2525	5	plummet/v
0.9508445	1892	5	plump/j
1.2613549	21641	77	plus/i
0.40213832	25552	39	pocket/n
1.5322496	212	1	pocono/n
-0.977645	195440	75	point/n
-0.50496423	68186	42	point/v
0.36637405	2715	4	poison/v
-1.5257118	116902	26	policy/n
2.480125	495	6	ponderosa/n
-0.2960035	57925	44	poor/j
-0.053622354	91786	89	possible/j
-1.1292837	3033	1	postal/j
1.2215549	17337	60	pot/n
1.5367212	32902	155	pound/n
1.6273085	5797	30	pound/v
3.1284695	10972	252	powder/n
3.7299633	469	20	powdery/j
-0.6417959	83573	45	practice/n
2.3178008	96	1	pram/n
-0.2949229	3938	3	predominantly/r
2.7611015	3307	53	preheat/v
0.1080316	53542	61	prepare/v
-0.7430738	16486	8	present/n
0.828207	16679	39	preserve/v
-0.6080639	57668	32	press/n
-0.38905612	54873	38	pressure/n
-0.6626702	13297	7	prevention/n
0.7872725	447	1	pricy/j
0.22844063	17891	23	primarily/r
0.29439342	8054	11	princess/n
-0.9816261	18287	7	priority/n
-0.536063	232502	139	problem/n
-0.50026673	4833	3	problematic/j
0.6681759	13039	26	process/v
1.1795185	305	1	prod/n
0.47819468	79426	131	produce/v
-0.0574091	45669	44	production/n
0.115164265	5222	6	progress/v
2.0278974	2701	21	prolonged/j
-1.42161	32403	8	promote/v
-0.13659158	54970	49	protect/v
-0.7969907	47751	22	prove/v
-0.18234721	164133	140	provide/v
1.8990924	2049	14	puddle/n
0.37772685	94149	140	pull/v
0.91108507	6707	17	pulse/n
1.7489771	7322	43	pump/v
-0.52343726	6627	4	punch/v
2.447041	1620	19	puree/n
0.25848904	6811	9	purse/n
-2.0404966	7539	1	pursuit/n
0.07428377	257330	283	put/v
1.447009	230	1	putt/v
-0.25144097	56621	45	quality/n
0.5612522	31917	57	quick/j
0.5882884	61428	113	quickly/r
-0.039087508	14287	14	quietly/r
0.55646384	3930	7	quilt/n
0.98708475	1464	4	quirky/j
3.0730128	91	2	racking/n
0.11356561	876	1	radiance/n
-0.65323514	45283	24	radio/n
0.8356154	2968	7	rage/v
0.114663206	9607	11	rail/n
2.357313	26316	284	rain/n
0.92833614	4266	11	rainbow/n
2.0733476	614	5	raindrop/n
3.4208496	1945	61	rainfall/n
3.004263	533	11	rainstorm/n
1.4780443	893	4	rake/n
0.6870839	10906	22	ranch/n
0.6801329	21407	43	range/v
0.14677377	21127	25	rare/j
-0.29540622	44612	34	rather/i
2.4877193	1302	16	ravine/n
1.1110144	12588	39	raw/j
0.1098803	100093	114	reach/v
-0.69645166	291814	148	really/r
2.975478	50	1	reauy/j
-0.5823793	36793	21	recall/v
-0.43199608	1508	1	reciprocal/j
-0.62130547	84033	46	record/n
-0.533456	10021	6	recording/n
1.6685109	369	2	recovered/j
-0.08478663	15997	15	recovery/n
1.1141421	962	3	recur/v
1.4865068	73160	329	red/j
1.5036547	1086	5	reddish/j
0.14294644	62746	74	reduce/v
-0.6278492	36668	20	refer/v
2.1527212	2501	22	refrigerate/v
-1.0989263	32250	11	refuse/v
1.1542358	55553	180	region/n
0.1696758	12370	15	regularly/r
-0.3369803	9592	7	regulate/v
1.1406331	7817	25	relieve/v
0.60768443	99060	186	remain/v
0.69476664	4882	10	remains/n
0.9609686	4862	13	remarkably/r
-0.31747332	115899	86	remember/v
1.59403	49072	247	remove/v
1.4155273	476	2	renovated/j
0.68190086	24782	50	repeat/v
0.34323713	35436	51	replace/v
-0.7764001	131675	62	research/n
-1.4241828	16323	4	respondent/n
-0.5980231	124567	70	result/n
1.1314071	317	1	revolting/j
3.108913	262	6	rhizome/n
0.6334778	1582	3	rhonda/n
1.7585589	6430	38	rib/n
-0.08029083	32902	31	ride/v
3.6469285	178	7	ridgetop/n
-0.5959166	137336	77	right/j
-0.48038703	254243	159	right/r
4.6691914	3323	361	rinse/v
-0.06055316	19765	19	rise/n
0.3268815	58650	83	rise/v
1.4357675	62235	267	river/n
1.7228591	349	2	rivulet/n
0.64667326	87849	171	road/n
1.0951495	52607	160	rock/n
2.3840837	4514	50	rocky/j
0.38171393	14173	21	roll/n
0.039071016	185238	196	room/n
1.3748446	22856	92	root/n
2.2642539	1728	17	rot/v
1.6810862	13314	73	rough/j
0.20421204	13591	17	roughly/r
0.65538144	4585	9	round/r
2.5426316	12785	166	rub/v
0.48160478	605	1	rumbling/n
1.3728937	35421	142	run/n
0.9438294	203974	535	run/v
1.6003919	10097	51	running/j
-0.62265927	20157	11	rush/v
0.66223013	4061	8	saddle/n
-1.2353089	37166	11	sales/n
2.1340215	1276	11	saliva/n
1.2729207	9892	36	salmon/n
2.6809113	33232	488	salt/n
2.477476	17165	209	sand/n
-1.19686	12979	4	satellite/n
1.6738054	3489	19	saucepan/n
-0.6161673	2141694	1178	say/v
3.259844	2214	59	scalp/n
3.9869325	346	19	scaly/j
-0.5016138	8115	5	scare/v
2.2687864	102	1	schlemmer/n
0.17813492	820	1	schoolhouse/n
0.22384582	1561	2	scientifically/r
-1.2612164	3471	1	scoring/n
-1.6977191	5343	1	scrutiny/n
1.2174675	44111	152	sea/n
0.29559854	7286	10	seal/n
2.1414824	93798	813	season/n
-0.11732581	61811	56	second/n
-0.7002857	1980	1	secondary/n
0.13725135	51619	60	section/n
-2.275553	95278	10	security/n
-0.43585065	763376	503	see/v
2.0872216	21082	173	seed/n
-0.049405027	235112	229	seem/v
0.41328287	6472	10	sensation/n
-0.07283094	103027	98	sense/n
0.3312441	20367	29	separate/j
0.34036562	19492	28	separate/v
-0.041019876	11254	11	sequence/n
0.08060908	111105	123	serve/v
-0.7841101	160876	75	service/n
-1.1763889	3175	1	service/v
1.7479935	11185	65	serving/n
-0.54208744	26947	16	session/n
0.33245495	136844	195	set/v
0.45447206	16140	26	severe/j
1.7017478	11962	67	shade/n
1.0778428	1669	5	shade/v
2.327206	859	9	shaded/j
0.24940294	24451	32	shadow/n
0.81576055	865	2	shaggy/j
3.886588	1773	88	shampoo/n
3.2323737	271	7	shampoo/v
5.931601	11	4	shaoxing/v
-0.01747616	14923	15	shape/v
1.1630526	18981	62	sharp/j
0.06980567	7305	8	sharply/r
1.6066445	4323	22	shave/v
-0.120157115	1618738	1467	she/p
0.8855652	12100	30	shelter/n
2.126504	931	8	sheltered/j
4.0857677	2567	154	sherry/n
1.4383391	1865	8	shine/n
1.4279995	5397	23	shiny/j
0.79353267	29710	67	shoe/n
0.09034928	66179	74	short/j
-0.20033504	336182	281	should/v
-0.15186925	46738	41	shoulder/n
-1.2663206	97571	28	show/n
-0.7208898	227668	113	show/v
2.2465682	2297	22	shred/v
0.922261	6232	16	shrink/v
-0.2697921	27086	21	shut/v
0.29674202	1457	2	shutdown/n
0.46527603	166552	271	side/n
0.8534429	28339	67	sidebar/n
0.9871366	5862	16	sierra/n
2.8747368	2386	43	sift/v
2.0640473	1369	11	silky/j
1.1008049	1969	6	sim/n
-0.3073983	58547	44	similar/j
-0.44054216	71318	47	simply/r
0.6790328	2480	5	simulate/v
-0.31397882	1345	1	sinclair/n
0.039849497	158297	168	sit/v
0.15517633	83351	99	site/n
-1.1202792	77906	26	situation/n
0.02342325	56716	59	size/n
1.4992993	1533	7	skid/v
2.9269967	44556	850	skin/n
1.0186766	37841	107	sky/n
0.5004402	1794	3	skyline/n
-1.8383394	6142	1	slavery/n
0.1351637	37649	44	sleep/v
1.8881462	10873	73	slice/n
2.3679805	8639	93	slice/v
2.2461255	3177	30	sliced/j
0.54691887	11323	20	slight/j
1.0465121	29249	85	slightly/r
0.67599374	22901	46	slip/v
1.8742405	9314	62	slope/n
0.7973986	35342	80	slowly/r
2.0265927	1557	12	sludge/n
0.71512944	201093	420	small/j
-0.5527092	22180	13	smart/j
1.491065	13206	60	smell/n
-0.08691791	44047	41	smile/v
1.2912636	1629	6	smoked/j
1.666562	4064	22	smooth/v
1.6710292	923	5	snapper/n
-0.06823458	6289	6	sneak/v
1.8709553	28636	190	snow/n
-0.09700471	845456	782	so/r
2.6247048	5817	82	soak/v
2.5198874	1420	18	sob/n
0.82145303	3027	7	sob/v
-2.130156	148040	18	social/j
2.5131161	6750	85	sock/n
2.942549	22471	436	soil/n
2.9633973	1565	31	solid/n
-0.55974483	279871	163	something/p
0.046056297	91554	98	sometimes/r
-1.1622448	87844	28	son/n
-0.9862728	10489	4	sophisticated/j
1.6788808	3468	19	sore/j
2.2430992	934	9	sore/n
-0.8694685	30449	13	sort/r
0.22096503	6272	8	sort/v
1.5806342	5074	25	sour/j
2.591625	296	4	sourdough/n
0.16307431	98438	118	south/n
0.8644507	38472	93	southern/j
-0.1651998	3470	3	spacecraft/n
-0.62993807	128685	70	speak/v
-0.843212	81975	36	special/j
0.58617795	40221	74	species/n
0.49248502	4184	7	specimen/n
0.2590602	6806	9	spectacular/j
3.9756055	4170	227	spell/n
-0.7013613	126118	64	spend/v
4.517884	117	11	sphagnum/n
0.66572046	11591	23	split/v
0.6887758	12299	25	spot/v
-0.20000534	1194	1	sprawl/n
2.1347094	6848	59	spray/n
2.5633013	226	3	sprayer/n
1.104515	49846	153	spring/n
2.5399492	6952	90	sprinkle/v
1.5071614	433	2	sprinkling/n
-1.1185805	2995	1	spy/v
2.1752722	12356	111	squeeze/v
0.8768559	6525	16	stack/n
-0.30504155	50538	38	stage/n
1.3411368	2823	11	stain/v
0.68243307	2478	5	stake/v
2.8557475	2144	38	stalk/n
0.39709926	3295	5	stall/n
0.10427668	151782	172	stand/v
-0.041096322	4085	4	standardized/j
-0.16338745	10398	9	standing/n
-0.07366638	235418	223	start/v
0.7846355	8569	19	starter/n
-1.0071527	442400	165	state/n
-1.9155719	46564	7	statement/n
1.232844	105937	371	stay/v
2.0726023	6439	52	steak/n
0.9691638	743	2	steely/j
1.3452277	7644	30	steep/j
1.6721169	9941	54	stem/n
0.28037232	72555	98	step/n
0.2997132	43569	60	step/v
0.78489137	35335	79	stick/v
2.082003	7196	59	stiff/j
1.0148141	355	1	stiff/n
0.02788917	322903	339	still/r
1.1707764	2431	8	sting/v
2.485463	23849	293	stir/v
0.3245319	56090	79	stock/n
1.1489204	39461	127	stone/n
1.0355742	697	2	stone/v
-0.114906296	132112	120	stop/v
1.2214521	61313	212	store/n
2.7619398	11434	185	store/v
1.4844482	887	4	stored/j
-0.2653769	2557	2	storm/v
-0.915762	181132	74	story/n
-0.36757034	25459	18	strange/j
1.2284659	4904	17	strawberry/n
2.230076	16609	158	stream/n
5.0940595	24	4	streambed/v
-0.24019618	127226	102	street/n
-0.026698267	1008	1	strenuous/j
0.006415413	11657	12	stress/v
0.050308943	3732	4	stride/v
-0.026058258	36154	36	strike/v
0.24553011	13029	17	string/n
-1.4504253	195919	47	study/n
0.38527173	44818	67	stuff/n
1.0131271	8540	24	stuff/v
0.5940868	44346	82	style/n
0.15364812	1674	2	subordinate/j
0.16119763	14141	17	substantial/j
-0.37701017	5703	4	substantially/r
1.0071013	3930	11	substitute/n
1.140429	4396	14	substitute/v
0.54402655	9084	16	subtle/j
2.7968106	358	6	subtropical/j
-1.5310154	9074	2	suburban/j
0.6837451	3453	7	succession/n
2.6592138	9079	132	suck/v
0.52320886	12181	21	sudden/j
0.16383165	37336	45	suffer/v
2.0762525	28710	230	sugar/n
-0.55235547	100156	59	suggest/v
0.9908333	28721	79	suit/n
1.466251	228	1	summa/n
1.6135375	69609	357	summer/n
1.2887381	51626	191	sun/n
-0.48092586	41309	26	sunday/n
2.3788307	5815	64	sunny/j
1.5881739	200	1	sunroof/n
0.5631328	6723	12	sunset/n
-0.3747806	14329	10	super/j
-0.5046427	1624	1	suppression/n
0.09239536	127341	142	sure/j
1.729486	42245	243	surface/n
-0.50693846	24422	15	surprise/n
0.47649148	24278	40	surround/v
1.0679971	6388	19	surrounding/j
-0.19253698	3571	3	surroundings/n
-0.7422185	8220	4	survey/v
1.4421382	8788	38	sweat/n
0.13459516	5989	7	sweater/n
1.5557002	27029	130	sweet/j
1.4245361	1888	8	sweetness/n
1.8076034	481	3	sweltering/j
0.7035305	6796	14	syndrome/n
1.7670522	3714	22	syrup/n
-0.3988269	215848	148	system/n
-0.20893237	137088	112	table/n
3.309182	23651	640	tablespoon/n
-0.36162066	728340	518	take/v
0.48735395	27651	46	tall/j
0.94242406	773	2	talon/n
0.6070057	2184	4	tanner/n
1.0166643	1778	5	tart/n
-0.96522444	43620	17	task/n
1.0635332	18952	56	taste/n
2.2530835	14109	136	taste/v
3.3537195	479	14	tasteless/j
-1.357199	144806	38	team/n
1.0053327	360	1	tease/n
3.5189738	27126	885	teaspoon/n
0.43795606	32149	51	technique/n
-0.9243737	420159	170	tell/v
3.2601566	1125	30	temperate/j
1.8422583	25381	163	temperature/n
1.3523525	8092	32	tender/j
1.2578188	11411	41	tent/n
-1.1040661	64956	22	term/n
-0.38229373	20136	14	terrible/j
-0.18652949	42562	36	test/v
2.0558867	4155	33	tester/n
0.1904822	55545	68	texas/n
-0.30857685	59855	45	than/i
0.14282115	735227	867	them/p
0.47542572	588861	967	then/r
2.6197124	72	1	theologiae/n
-0.27542645	359574	278	there/r
0.4034518	3264	5	thereafter/r
1.0913714	2964	9	thermal/j
-0.25920463	2015289	1590	they/p
1.3956864	24010	99	thick/j
1.7108301	25288	143	thin/j
-0.7959707	440852	203	thing/n
-1.0026549	840031	314	think/v
2.694372	3101	46	thinly/r
2.14686	1372	12	thirst/n
-0.032078188	6080	6	this/r
2.6269324	6854	97	thoroughly/r
2.937844	15901	306	throat/n
1.5656618	819	4	throbbing/j
0.3902024	373176	563	through/i
0.296366	42861	59	throughout/i
2.6853943	1534	23	thunderstorm/n
3.0969002	2753	61	thyme/n
0.96588284	9722	26	tight/r
0.4877786	5423	9	till/i
-0.72970426	16381	8	tim/n
-0.22551319	835550	681	time/n
1.1822044	300	1	tinkling/j
0.45523646	19887	32	tired/j
2.9921138	148	3	tiredly/r
-0.19189453	4186359	3527	to/i
3.314532	2585	72	toast/v
-0.77655274	200210	94	today/r
0.42206377	130217	203	together/r
2.158895	17085	150	tomato/n
-0.50894135	32674	20	tomorrow/r
1.97654	12902	95	tongue/n
-1.367949	54040	14	tonight/r
0.57583773	304192	552	too/r
0.563031	22333	40	tooth/n
0.00044841255	46098	47	top/j
0.57077813	9424	17	top/v
-1.2641106	6985	2	toronto/n
2.7698607	62	1	torrell/n
6.366774	113	67	tortugas/n
-0.13876848	43202	38	total/j
0.40883556	20218	31	totally/r
1.2304604	16600	58	touch/n
0.60455596	37491	70	touch/v
-0.07277695	113707	108	toward/i
-0.5088706	19633	12	towards/i
3.7514136	8917	388	towel/n
0.83668005	1273	3	tower/v
0.17743888	88522	108	town/n
0.31718144	36419	51	track/n
-1.1989454	51881	16	trade/n
-0.6913935	23480	12	train/n
-0.50705546	17872	11	transition/n
0.30241826	5777	8	transport/v
-0.5619423	20670	12	travel/n
-0.29356092	39346	30	travel/v
1.408314	72964	305	tree/n
-0.508074	24415	15	trend/n
1.8536522	1234	8	tributary/n
0.20766693	11154	14	trick/n
0.12834947	44783	52	trip/n
-0.1651634	2321	2	trooper/n
1.9724274	7213	53	tropical/j
-1.4385563	16500	4	trust/n
-0.027100105	319874	318	try/v
1.10158	651	2	tumble/n
1.3815254	3962	16	tuna/n
1.9453375	18951	135	turkey/n
0.3580342	239814	350	turn/v
0.50997114	2353	4	turnaround/n
0.57596576	20335	37	typically/r
1.6786773	184	1	uke/n
-0.50579333	1623	1	unavailable/j
1.9397444	281	2	unblemished/j
3.2491176	38	1	unconsolidated/j
0.3029799	176440	244	under/i
0.60931456	23474	44	under/r
3.7119756	24	1	understeer/n
1.4274856	235	1	ungodly/j
-1.854512	137437	22	united/n
0.14778101	92330	109	up/i
0.15533045	868718	1035	up/r
-0.15634377	60562	53	upon/i
-1.6283127	224769	45	us/n
-0.6965717	385085	196	us/p
0.4510193	461993	741	use/v
0.7944037	56985	129	usually/r
-0.2121262	7252	6	utilize/v
2.786566	30945	511	valley/n
3.3093274	36	1	vallis/n
2.1312244	5434	46	vanilla/n
0.49741676	12508	21	variation/n
-0.19167928	9548	8	vegas/n
2.5339103	3797	49	vegetation/n
-0.38302472	33087	23	vehicle/n
1.6966225	2707	15	vent/n
5.4030614	219	49	vermouth/n
0.30360898	420972	582	very/r
-0.80094856	15332	7	via/i
-0.9974332	87587	33	view/n
0.36704338	36665	54	village/n
3.0551813	6026	128	vinegar/n
2.2234757	3506	33	vineyard/n
4.06384	85	5	viognier/n
-0.5514272	5113	3	virgin/n
-0.28919974	28953	22	virginia/n
0.029791709	18019	19	virtually/r
-0.06909269	1047	1	virtuous/j
-0.4410522	13731	9	virus/n
0.2757191	15602	21	visible/j
-0.48792952	35068	22	vision/n
-0.09236365	4289	4	visiting/j
-1.09651	11708	4	vital/j
1.1696761	2440	8	vodka/n
0.6267783	98672	188	voice/n
0.26234967	3788	5	volcano/n
0.2657926	22586	30	volume/n
3.753985	229	10	wadi/n
-0.020642012	111387	111	wait/v
0.43633804	23458	37	wake/v
0.12466568	122979	142	walk/v
0.5619599	92114	165	wall/n
3.0419486	140	3	walling/n
-1.8213228	181364	30	war/n
2.894103	31579	583	warm/j
3.0376596	5091	108	wash/n
2.2581904	17812	174	wash/v
-0.862808	118507	51	washington/n
2.1425138	918	8	wastewater/j
0.05818092	136955	148	watch/v
2.1325524	186794	1609	water/n
1.4064535	4109	17	watercolor/n
2.8398526	286	5	watercourse/n
1.5999312	2371	12	waterfall/n
0.44213074	29591	47	wave/n
-0.59044063	512483	290	way/n
-0.61964846	1979457	1087	we/p
0.30529386	18051	25	weak/j
0.13031681	6008	7	weaken/v
0.29064482	85638	117	wear/v
2.689121	25624	385	weather/n
-0.84402555	18232	8	wedding/n
-0.23390236	219039	177	week/n
0.13311458	8591	10	welcome/j
2.2056866	23489	216	well/n
-0.09294168	447205	414	well/r
0.51711404	80866	138	west/n
2.3784745	181	2	westerly/j
4.0301776	15066	866	wet/j
1.2737877	4379	16	wetland/n
0.0033373404	19568	20	wheel/n
0.037248977	293693	311	when/r
0.5184022	15713	27	whenever/r
-0.0767838	213069	201	where/r
-0.2302033	32022	26	while/n
1.587573	6847	34	whip/v
3.1242278	518	12	whisk/n
2.4384959	4697	55	whisk/v
1.5939847	135083	678	white/j
0.11868233	74828	86	white/n
-1.0337462	1105205	402	who/p
-0.73912704	257424	125	why/r
0.6534989	32131	63	wild/j
4.0590525	17	1	wildaid/n
-0.23251195	1199317	970	will/v
2.0506606	40394	321	wind/n
2.6037982	433	6	windblown/j
0.46781856	3075	5	windshield/n
3.1537435	30851	734	wine/n
-1.4619237	21232	5	winner/n
1.8690221	35972	238	winter/n
2.1972768	13600	125	wipe/v
1.9105581	726	5	wiper/n
2.9461887	4124	80	wit/n
0.29552856	2929517	4020	with/i
-0.45849246	122176	79	within/i
0.09832601	185322	209	without/i
-0.96031445	378900	148	woman/n
1.6814392	41384	227	wood/n
-0.3550333	167824	120	word/n
-0.5551595	204450	120	work/n
-0.37035307	348631	246	work/v
1.209065	1751	6	worn/j
-0.6489978	1875	1	worthless/j
-0.5166772	1000148	610	would/v
1.3787639	18983	77	wrap/v
2.5267313	1482	19	wrinkled/j
-1.1530355	176825	57	write/v
-0.93354523	27356	11	writing/n
4.3241067	39	3	xeriscape/n
3.267885	37	1	yazid/n
-0.26239973	837481	658	year/n
4.4288797	1837	156	yeast/n
-1.2828463	14218	4	yell/v
1.0639446	24077	71	yellow/j
1.4029647	2173	9	yellow/n
-0.37600216	2848	2	yellowstone/n
-0.12775487	146822	132	yet/r
0.46194077	13645	22	yield/v
-1.0277417	150883	55	york/n
-0.44169557	3373742	2200	you/p
-0.6170567	47369	26	yourself/p
4.484111	11	1	zamoras/n
3.1602266	42	1	zan/n
0.9599577	22530	60	zone/n
